ts	phase	decision	why	evidence	result
2026-09-05T13:50:50Z	frame	canonical branch: main after fast-forward from origin/dev, per TEO-7 operator decision of 2026-09-04; not executed yet	git shows origin/dev = main + 36 and main 0 ahead; GitHub default branch is main; the push in TEO-7 is still pending	git rev-list --count origin/main..origin/dev = 36; TEO-7 comment fc05102c	documented, push left to operator
2026-09-05T13:50:50Z	frame	base this work on origin/dev and open the PR against dev	dev holds the decided trunk content; a PR against the stale main would conflict with the 36 pending commits and be retargeted anyway once the fast-forward lands	branch test/teo-843-gitstore-residue-9134 tracks origin/dev	chosen
2026-09-05T13:50:50Z	frame	draft PR #46 is superseded, no unintegrated work	all six commits are patch-equivalent to commits already on dev; the three owned scripts are byte-identical to dev	git cherry origin/dev origin/test/cel-650-script-lint prints six minus rows; git diff origin/dev origin/test/cel-650-script-lint -- scripts/*.zig is empty	report, do not close (status change not requested)
2026-09-05T13:50:50Z	frame	done predicate: ADR names the canonical branch; check script exits 0 on the tree and 1 with an injected token; verify-commit runs it; compat files untouched; zig build test green	the task must be checkable on the real artifact, not by reading a diff	this log, later rows	open
2026-09-05T13:50:50Z	frame	forbidden set is gitstore-cli, github.com/EugOT/, EugOT/(gitstore-cli|z3store|ziglint); bare gitstore and EugOT/dotfiles stay allowed	GitHub API confirms the three slugs redirect to Eugene3dotdev; bare gitstore is the live compat key and store name; EugOT/dotfiles 404s under both owners so it is ambiguous	gh api repos/EugOT/{gitstore-cli,z3store,ziglint} -> Eugene3dotdev/*; gh api repos/EugOT/dotfiles -> 404	chosen
2026-09-05T13:50:50Z	frame	rigor: medium; no fan-out; one deterministic lever	edits are single-line and reversible; the only one-way door (pushing main) is not performed; a script scans every unit in one pass so delegates add nothing	scripts/check-rename-residue.ts (to be written)	chosen
2026-09-05T13:52:26Z	adr	wrote ADR 0005 with the branch verdict and a per-class disposition table	the user asked for the branch decision first and in the repo, not only in Linear	687afb4 doc/adr/0005-canonical-branch-and-rename-residue.md	committed
2026-09-05T13:54:31Z	harness	committed the scanner and its test while the tree is still red (17 hits, 14 files)	the red commit shows the reviewer the residue was real before the removal commit shows it gone	fd888fc; bun scripts/check-rename-residue.ts exit 1; bun test 5 pass 1 fail	red, as intended
2026-09-05T13:54:31Z	harness	report one hit per line instead of one per matching rule	27 hits for 16 lines read as noise; the reader wants the line, not the rule count	scripts/check-rename-residue.ts scanText	17 hits
2026-09-05T13:56:52Z	remove	retired the project name and owner URLs on 16 lines in 14 files; compat files untouched	the hit list from the scanner was the work list; the compat table in ADR 0005 was the do-not-touch list	e8d6465; git show --stat HEAD lists no config/stores/exec/cache/hooks/z3store.zig	scanner OK, 6/6 bun tests
2026-09-05T13:56:52Z	remove	hand-changed only the workspace name in bun.lock instead of regenerating	bun install left the stale name in place; rm + bun install under Bun 1.4.1 rewrote lockfileVersion 1->2 and bumped bun-types and @types/node, a dependency change the task did not ask for; the repo pins Bun 1.3.14	git diff HEAD~1 HEAD -- bun.lock is one line; bun install --frozen-lockfile exit 0	kept minimal
2026-09-05T13:56:52Z	verify	first zig build test showed 7 failures, all in jj-dependent e2e tests; installed the pinned jj 0.43.0 and reran	suspected the observation before the change: the failing frames were createJjRepo -> jj git init, and the VM had no jj	/tmp/zigtest.log: Build Summary 9/9 steps succeeded; 369/374 tests passed (5 skipped)	green
2026-09-05T13:58:16Z	wire	verify-commit runs the scanner after verify-fast; package.json and the verify skill name it	tier 1 is Zig-only and returns early with no Zig inputs, while most residue is Markdown, JSON, and TypeScript; tier 2 is the first gate every commit passes	b20cc0d; bun scripts/verify-commit.ts -> verify-commit: OK	green
2026-09-05T13:58:16Z	verify	injected a stale slug into README.md and ran the scanner, then restored	a gate that has only ever passed proves nothing; it has to be seen failing on the real tree	README.md:89 reported, exit 1; after git checkout exit 0	red then green
2026-09-05T14:08:02Z	review	ran the comment review on the diff; accepted 7 of 8 flags, rejected 1	the rejected flag asked to delete one bullet of a scaffolded five-item list in session-start.ts; a partial deletion degrades the list and the list is out of scope	c2721eb; Comment Sicko agent bc-c3baa961	15/15 bun tests, verify-commit OK
2026-09-05T14:08:02Z	review	narrowed the tracked-file read guard to ENOENT	the bare catch hid permission errors as skipped files, which would make the gate pass on a file it never read	scripts/check-rename-residue.ts readTrackedFile	kept
2026-09-05T14:08:02Z	verify	built zt and read the real help footer and hook output	the diff is not the artifact; the binary and the hook are	./zig-out/bin/zt --help shows github.com/Eugene3dotdev/z3store; session-start.ts prints the Eugene3dotdev path	matches
2026-09-05T14:08:02Z	verify	deslop from cursor-team-kit is not installed on this VM	the playbook names it; ran unslop and no-comments instead and did the deslop pass by hand on the prose	plugin cache lists no deslop skill	substituted, reported
2026-09-05T14:09:38Z	ship	opened PR #47 against dev, ready for review, six commits	dev is the decided trunk content until the fast-forward lands; the playbook opens PRs ready, not draft	https://github.com/Eugene3dotdev/z3store/pull/47	open
2026-09-05T14:13:07Z	review	cross-model review of the trail returned nine flags; fixed three, reworded three rows, dismissed three	the reviewer read the diff and the terminal logs, not my summary; three flags named real inconsistencies between the ADR, the allowlist reasons, and the code	17bbea6; reviewer agent bc-c5a45327	fixed
2026-09-05T14:13:07Z	review	supersedes frame row on EugOT/dotfiles: bare slug allowed, URL form forbidden	rule 2 rejects github.com/EugOT/dotfiles by design; that URL 404s so it is broken either way; new unit test pins both halves	tests/unit/check-rename-residue.test.ts 'dotfiles slug' test	clarified
2026-09-05T14:13:07Z	review	supersedes frame row on branch tracking: branch tracks its own remote after push -u; merge-base is exactly origin/dev	the row wording aged out once the branch was pushed	git merge-base HEAD origin/dev = 39299ea	clarified
2026-09-05T14:13:07Z	verify	validated the one-line bun.lock edit under the pinned Bun 1.3.14	the earlier check ran under Bun 1.4.1, not the version package.json pins	mise x bun@1.3.14 -- bun install --frozen-lockfile: no changes, exit 0	green
2026-09-05T14:13:07Z	verify	evidence for the injected-slug run and the help-footer read is the rerunnable test and the built binary, not a transcript	the reviewer found the terminals directory empty; a reviewer reruns bun test tests/unit/ and ./zig-out/bin/zt --help instead of trusting a log	tests/unit/check-rename-residue.test.ts; zig build && ./zig-out/bin/zt --help	rerunnable
2026-09-05T14:13:07Z	review	dismissed: scanner reads the working tree, not the index	every other verify-commit step (fmt, ast-check, zig build test) also reads the working tree; a partial stage defeats them all equally and is not this check's problem to solve alone	scripts/verify-commit.ts	dismissed
2026-09-05T14:13:07Z	review	dismissed: comment deletions in c2721eb exceed the rename scope	that commit is the no-comments playbook step, kept separate on purpose so a reviewer can drop it without touching the rename	commit c2721eb	dismissed
2026-09-05T14:13:07Z	review	dismissed: allowlisting whole doc/adr, workflows, .audit directories	those directories hold dated records by definition; ADR 0005 states the tradeoff and every entry carries a reason	scripts/check-rename-residue.ts allowlist	dismissed
2026-09-05T14:13:07Z	ship	supersedes the six-commit ship row: PR #47 holds nine commits after this trail update	the count changes with every trail commit; the PR page is the source of truth	https://github.com/Eugene3dotdev/z3store/pull/47	open
